id,title,first_name,last_name,section
10001,ด.ญ.,ภาวิตา,สายธารทอง,1
10002,ด.ญ.,ศิรภัสสร,บัวบานงาม,1
10003,ด.ช.,กวินท์,ใจเย็นดี,1
10004,ด.ช.,กฤตภาส,หอมจันทร์งาม,1
10005,ด.ญ.,กัญญ์วรา,แก้วกล้าหาญ,1
10006,ด.ช.,ชยพัทธ์,ลือชาสุข,1
10007,ด.ญ.,ธนัชพร,บุญเรืองฟ้า,1
10008,ด.ช.,สิรภพ,จันทร์เพ็ญแสง,1
10009,ด.ญ.,วริศรา,ศรีสุขสันต์,1
10010,ด.ช.,สิรภพ,น้ำใจงาม,1
10011,ด.ญ.,ภาวิตา,ทับทิมแดง,1
10012,ด.ญ.,กมลชนก,ธรรมรักษ์ดี,1
10013,ด.ช.,ปวริศ,สุขเจริญทรัพย์,1
10014,ด.ช.,ธนกฤต,มีสุขใจ,1
10015,ด.ช.,อชิตพล,ใสสะอาดดี,1
10016,ด.ญ.,ธัญญ์นรี,พูลสวัสดิ์,1
10017,ด.ช.,ภัทรดนัย,คำภูมิน,1
10018,ด.ญ.,ปุณยวีร์,เกษมสันต์ดี,1
10019,ด.ญ.,กมลชนก,พิทักษ์ไพร,1
10020,ด.ช.,นราวิชญ์,ภูมิใจไทย,1
10021,ด.ญ.,ธนัชพร,ชื่นบานสุข,1
10022,ด.ช.,ณัฐวัฒน์,อ่อนหวานดี,1
10023,ด.ช.,พีรณัฐ,ทองสะอาด,1
10024,ด.ญ.,พิชญา,ปัญญาเฉียบ,1
10025,ด.ช.,ณัฐวัฒน์,ชัยมงคลสุข,1
10026,ด.ช.,อชิตพล,ขวัญข้าวดี,1
10027,ด.ช.,กวินท์,เกียรติกล้า,1
10028,ด.ญ.,สุภาวดี,อินทร์แก้วใส,1
10029,ด.ช.,กฤตภาส,รักษ์ป่าน้ำ,1
10030,ด.ช.,ณัฐวัฒน์,เพชรกล้า,1
10031,ด.ญ.,นภัสสร,พึ่งบุญดี,1
10032,ด.ญ.,รินรดา,เรืองรองทอง,1
10033,ด.ญ.,พิมพ์ลดา,แสงอรุณดี,1
10034,ด.ช.,เมธาสิทธิ์,มั่นคงดี,1
10035,ด.ญ.,ศิรภัสสร,สว่างใจดี,1
10036,ด.ญ.,นันท์นภัส,คงเจริญสุข,1
10037,ด.ญ.,เบญญาภา,สมบูรณ์ศรี,1
10038,ด.ช.,ปัณณวิชญ์,ฟ้าใสงาม,1
10039,ด.ญ.,ฐิติกานต์,พงษ์รุ่งโรจน์,1
10040,ด.ช.,สิรภพ,นามวงศ์สกุล,1
